{"cameraMode":{"drawMode":0,"name":"Shaded","section":"Shading Mode"},"sceneLighting":true,"audioPlay":false,"sceneViewState":{"m_AlwaysRefresh":false,"showFog":true,"showSkybox":true,"showFlares":true,"showImageEffects":true,"showParticleSystems":true,"showVisualEffectGraphs":true,"m_FxEnabled":true},"in2DMode":false,"pivot":{"x":-18.39630699157715,"y":25.311323165893556,"z":-21.524429321289064},"rotation":{"x":-0.11949986219406128,"y":-0.8750466108322144,"z":0.27530035376548769,"w":-0.37983205914497378},"size":0.5965577363967896,"orthographic":false}