{"cameraMode":{"drawMode":0,"name":"Shaded","section":"Shading Mode"},"sceneLighting":true,"audioPlay":false,"sceneViewState":{"m_AlwaysRefresh":false,"showFog":true,"showSkybox":true,"showFlares":true,"showImageEffects":true,"showParticleSystems":true,"showVisualEffectGraphs":true,"m_FxEnabled":true},"in2DMode":false,"pivot":{"x":14.255420684814454,"y":10.657402038574219,"z":7.204300403594971},"rotation":{"x":0.25576382875442507,"y":-0.7068953514099121,"z":0.3108755350112915,"w":0.5816199779510498},"size":1.3160806894302369,"orthographic":false}